Discriminatori,Putere discriminare,P_values
z1,1868.0764948240596,1.1102230246251565e-16
