Target,0,1,Acuratete
0,152,14,91.56626506024097
1,9,225,96.15384615384616
