Target,0,1,Acuratete
0,161,5,96.98795180722891
1,14,220,94.01709401709402
